company,person,position,source,notes
"AgriCapture, Inc. ",Tyler Hull,Chief Executive Officer,https://agricapture.com/about,Executive Leadership
"AgriCapture, Inc. ",John Farris,Founder & Executive Chairman,https://agricapture.com/about,Executive Leadership
"AgriCapture, Inc. ",John Lanahan,Director of Demand,https://agricapture.com/about,
"AgriCapture, Inc. ",Wally Macey,Director of Technology,https://agricapture.com/about,
"AgriCapture, Inc. ",Ashton Moody,Director of Product,https://agricapture.com/about,
"AgriCapture, Inc. ",Jennifer Wells,Director of Strategic Partnerships,https://agricapture.com/about,
"AgriCapture, Inc. ",Josh Scott,Controller,https://agricapture.com/about,
Aquila Climate Technology Holding Pte. Ltd.,Stefano Pellegrino,CEO - Vietnam,https://aquila.is/about,Position is Vietnam-specific per source page
Aquila Climate Technology Holding Pte. Ltd.,Ollie Smeenk,Head of IoT Network - Singapore,https://aquila.is/about,
Aquila Climate Technology Holding Pte. Ltd.,Jarek Tkaczyk,Chief Technology Officer - Singapore,https://aquila.is/about,
Aquila Climate Technology Holding Pte. Ltd.,Juvjen Mani,Lending Director - Singapore,https://aquila.is/about,
Aquila Climate Technology Holding Pte. Ltd.,Giando Zappia,President - Vietnam,https://aquila.is/about,
Ata Marie Group Ltd,George Kuru,Manager of Carbon Services and IT Systems,https://www.ata-marie.com/our-team,
Ata Marie Group Ltd,Alex Thorp,Manager Consulting,https://www.ata-marie.com/our-team,
Ata Marie Group Ltd,Tony Wood,Manager Operations,https://www.ata-marie.com/our-team,
Ata Marie Group Ltd,Dadan Setiawan,GIS & Remote Sensing Team Leader,https://www.ata-marie.com/our-team,Indonesian team
Ata Marie Group Ltd,Sofyan Iskandar,Community Engagement Team Leader,https://www.ata-marie.com/our-team,Indonesian team
Ata Marie Group Ltd,Dadi Ardiansyah,Forest Survey and Biodiversity Team Leader,https://www.ata-marie.com/our-team,Indonesian team
CERPD Co. Ltd.,Kim Jong-bum,Representative Director (대표이사),https://www.cerpd.com/,Korean name on page: 김종범
ClimatePartner Impact GmbH,Robin Stoffers,Managing Director,https://climatepartnerimpact.com/about-us,
ClimatePartner Impact GmbH,Nirmal Beura,Head of Project Development,https://climatepartnerimpact.com/about-us,
ClimatePartner Impact GmbH,Guillaume Leclerc,Earth Observation Team Lead,https://climatepartnerimpact.com/about-us,
ClimatePartner Impact GmbH,Usman Tahir,Earth Observation Manager,https://climatepartnerimpact.com/about-us,
ClimatePartner Impact GmbH,Nikolas Ludwig,Portfolio Management Team Lead,https://climatepartnerimpact.com/about-us,
ClimatePartner Impact GmbH,Fabio Staccone,Finance & Controlling Manager,https://climatepartnerimpact.com/about-us,
ClimatePartner Impact GmbH,Paulina de los Santos,Marketing/Communications Team Lead,https://climatepartnerimpact.com/about-us,
ClimatePartner Impact GmbH,Moschda Djalalyar,Partnerships and Market Development Team Lead,https://climatepartnerimpact.com/about-us,
ClimatePartner Impact GmbH,Olga Dickmann,Impact Investing & Business Development Africa Team Lead,https://climatepartnerimpact.com/about-us,
ClimeCo,William E. Flederbach Jr.,President & CEO,https://climeco.com/about-us/,"Co-founders also named on page: William E. Flederbach Jr., Yuda Saydun, and Markus Althausen (founded 2009). Only Flederbach has a current title listed."
Forest Carbon (registered as Equator Group Pte Ltd),Jeffrey Chatellier,Chief Executive Officer,https://forestcarbon.com/about,
Forest Carbon (registered as Equator Group Pte Ltd),Devan Wardwell,Chief Investment Officer,https://forestcarbon.com/about,
Forest Carbon (registered as Equator Group Pte Ltd),Mary Osmond,Director of Legal & External Affairs,https://forestcarbon.com/about,
Forest Carbon (registered as Equator Group Pte Ltd),Timothy Rann,Chief Financial Officer,https://forestcarbon.com/about,
Forest Carbon (registered as Equator Group Pte Ltd),Tom Houston,Chairman,https://forestcarbon.com/about,
Gree Energy Limited,Nicolas Stirer,CEO and Founder,https://gree-energy.com/team/,Core Team
Gree Energy Limited,Benoît Meneau,Chief Financial Officer,https://gree-energy.com/team/,Core Team
Gree Energy Limited,Kritika Dhingra,Head of Operations,https://gree-energy.com/team/,Core Team
Gree Energy Limited,Aryo Bimo Oetomo,Technical Manager,https://gree-energy.com/team/,Core Team
Gree Energy Limited,Fahreza Hidayat,Head of Sustainability,https://gree-energy.com/team/,Core Team
Gree Energy Limited,Jacques de T'serclaes,Advisory Board member; primary role: CEO of ENGIE Factory,https://gree-energy.com/team/,Advisory Board
Gree Energy Limited,Olivier Duguet,"Advisory Board member; primary role: Founder, Chairman and CEO of the Blue Circle",https://gree-energy.com/team/,Advisory Board
Gree Energy Limited,Nicolas de Callatay,Advisory Board member; primary role: Executive Director at JP Morgan,https://gree-energy.com/team/,Advisory Board
Gree Energy Limited,Eva Armila Djauhari,Advisor,https://gree-energy.com/team/,Advisory Board
Hatfield Consultants (parent of PT Hatfield Indonesia),Chris Hatfield,Founder,https://hatfieldgroup.com/about/,Founded Hatfield in 1974; parent of PT Hatfield Indonesia (in DATASET_companies.csv)
KIS Group (parent of PT KIS Biofuels Indonesia),Raghunath,Founder & CEO,https://kisgroup.net/about-us,"Page lists him as ""Mr. Raghunath""; parent of PT KIS Biofuels Indonesia (in DATASET_companies.csv)"
KIS Group (parent of PT KIS Biofuels Indonesia),Dr. Jyothi,Director,https://kisgroup.net/about-us,"Listed as ""Dr. Jyothi"" (no surname given on page); parent of PT KIS Biofuels Indonesia"
KIS Group (parent of PT KIS Biofuels Indonesia),Subodh Mishra,Director,https://kisgroup.net/about-us,"Page lists him as ""Mr. Subodh Mishra""; parent of PT KIS Biofuels Indonesia"
KIS Group (parent of PT KIS Biofuels Indonesia),P. Sheshadri,COO - Chief Operating Officer - Global Technical & Operations,https://kisgroup.net/core-team/,"Page lists him as ""Mr. P.Sheshadri"""
KIS Group (parent of PT KIS Biofuels Indonesia),Amarnath K.,GM Operational Management & Projects,https://kisgroup.net/core-team/,"Page lists him as ""Mr. Amarnath.K"""
KIS Group (parent of PT KIS Biofuels Indonesia),Tejashwini,Head HR Global,https://kisgroup.net/core-team/,"Page lists her as ""Mrs. Tejashwini"" (no surname given)"
Nazava (parent of PT Holland For Water),Lieselotte Heederik,Co-Founder & Director,https://global.nazava.com/about-us/,Parent of PT Holland For Water (Navaza) (in DATASET_companies.csv)
Nazava (parent of PT Holland For Water),Guido van Hofwegen,Co-Founder & Director,https://global.nazava.com/about-us/,Parent of PT Holland For Water (Navaza) (in DATASET_companies.csv)
PT Gaia Eko Daya Buana,Martin Hardiono,President Commissioner,https://gaia.id/about-us/,
PT Gaia Eko Daya Buana,Iis Sabahudin,Commissioner,https://gaia.id/about-us/,
PT Gaia Eko Daya Buana,Andjar Rafiastanto,CEO,https://gaia.id/about-us/,
PT Gaia Eko Daya Buana,Joseph Hutabarat,Chief Business Development Officer,https://gaia.id/about-us/,
PT KIS Biofuels Indonesia,Suresh A.C.,Country Head Indonesia (also GM Head - South East Asia),https://kisgroup.net/core-team/,"Indonesia-specific; full title on page: ""GM Head - South East Asia and Country Head Indonesia"""
PT Pertamina Geothermal Energy,Ahmad Yani,President Director,https://www.pge.pertamina.com/en/management,
PT Pertamina Geothermal Energy,Edwil Suzandi,Director of Exploration & Development,https://www.pge.pertamina.com/en/management,
PT Pertamina Geothermal Energy,Andi Joko Nugroho,Director of Operation,https://www.pge.pertamina.com/en/management,
PT Pertamina Geothermal Energy,Fransetya Hutabarat,Director of Finance,https://www.pge.pertamina.com/en/management,
PT Pertamina Geothermal Energy,Gigih Udi Atmo,President Commissioner,https://www.pge.pertamina.com/en/management,
PT Pertamina Geothermal Energy,John Anis,Commissioner,https://www.pge.pertamina.com/en/management,
PT Pertamina Geothermal Energy,Abdulla Zayed,Commissioner,https://www.pge.pertamina.com/en/management,
PT Pertamina Geothermal Energy,Abdul Musawir Yahya,Independent Commissioner,https://www.pge.pertamina.com/en/management,
PT Pertamina Geothermal Energy,Mohammad Firmansyah,Independent Commissioner,https://www.pge.pertamina.com/en/management,
PT PLN (Persero),Darmawan Prasodjo,President Director,https://web.pln.co.id/en/about-us/board-of-directors,
PT PLN (Persero),Edwin Nugraha Putra,Director of Transmission and System Planning,https://web.pln.co.id/en/about-us/board-of-directors,
PT PLN (Persero),E. Haryadi,"Director of Technology, Engineering, and Sustainability Officer",https://web.pln.co.id/en/about-us/board-of-directors,
PT PLN (Persero),Adi Priyanto,Director of Retail and Commerce,https://web.pln.co.id/en/about-us/board-of-directors,
PT PLN (Persero),Sinthya Roesly,Director of Finance,https://web.pln.co.id/en/about-us/board-of-directors,
PT PLN (Persero),Rizal Calvary Marimbo,Director of Generation Management,https://web.pln.co.id/en/about-us/board-of-directors,
PT PLN (Persero),Suroso Isnandar,Director of Project Management and New & Renewable Energy,https://web.pln.co.id/en/about-us/board-of-directors,
PT PLN (Persero),Arsyadany Ghana Akmalaputri,Director of Distribution,https://web.pln.co.id/en/about-us/board-of-directors,
PT PLN (Persero),Adi Lumakso,Director of Risk Management,https://web.pln.co.id/en/about-us/board-of-directors,
PT PLN (Persero),Hartanto Wibowo,Director of Corporate Planning and Business Development,https://web.pln.co.id/en/about-us/board-of-directors,
PT PLN (Persero),Yusuf Didi Setiarto,Director of Legal and Human Capital Management,https://web.pln.co.id/en/about-us/board-of-directors,
PT PLN (Persero),Burhanuddin Abdullah,President Commissioner and Independent Commissioner,https://web.pln.co.id/en/about-us/board-of-commissioners,
PT PLN (Persero),Suahasil Nazara,Vice President Commissioner,https://web.pln.co.id/en/about-us/board-of-commissioners,
PT PLN (Persero),Aminuddin Ma'ruf,Commissioner,https://web.pln.co.id/en/about-us/board-of-commissioners,
PT PLN (Persero),Ahmad Erani Yustika,Commissioner,https://web.pln.co.id/en/about-us/board-of-commissioners,
PT PLN (Persero),Jisman Parada Hutajulu,Commissioner,https://web.pln.co.id/en/about-us/board-of-commissioners,
PT PLN (Persero),Bambang Eko Suhariyanto,Commissioner,https://web.pln.co.id/en/about-us/board-of-commissioners,
PT PLN (Persero),Yazid Fanani,Independent Commissioner,https://web.pln.co.id/en/about-us/board-of-commissioners,
PT PLN (Persero),Mutanto Juwono,Independent Commissioner,https://web.pln.co.id/en/about-us/board-of-commissioners,
PT PLN (Persero),Andi Arief,Independent Commissioner,https://web.pln.co.id/en/about-us/board-of-commissioners,
PT PLN (Persero),Ali Masykur Musa,Independent Commissioner,https://web.pln.co.id/en/about-us/board-of-commissioners,
PT Thryve.Earth Indonesia,Pranab Prakash,"Director, Thryve Earth Indonesia",https://www.thryve.earth/team,Indonesia-specific role per https://www.thryve.earth/team
PT Udara Untuk Semua - FAIRATMOS,Natalia Rialucky Marsudi,Founder & CEO,https://www.fairatmos.com/blog/fairatmos-ceo-at-asia-pe-vc-summit-2025-shaping-the-future-of-climate-investment,"Confirmed as ""Founder & CEO"" in Fairatmos blog post"
South Pole Carbon Asset Management Ltd ,Nadia Kaddouri,Chief Executive Officer,https://www.southpole.com/about-us/our-leadership-team,Global Leadership Team
South Pole Carbon Asset Management Ltd ,Aaron Barasz,Chief Financial Officer and Chief Operations Officer,https://www.southpole.com/about-us/our-leadership-team,Global Leadership Team
South Pole Carbon Asset Management Ltd ,Leila Toplic,Chief Product and Go-to-Market Officer,https://www.southpole.com/about-us/our-leadership-team,Global Leadership Team
South Pole Carbon Asset Management Ltd ,Dara Olufon,Global Head of Advisory,https://www.southpole.com/about-us/our-leadership-team,Global Leadership Team
South Pole Carbon Asset Management Ltd ,Ab Kasmi,Chief Commercial Officer,https://www.southpole.com/about-us/our-leadership-team,Global Leadership Team
South Pole Carbon Asset Management Ltd ,Sofia Chernova,Chief People Officer,https://www.southpole.com/about-us/our-leadership-team,Global Leadership Team
South Pole Carbon Asset Management Ltd ,Leila Kamdem,Chief Risk Officer,https://www.southpole.com/about-us/our-leadership-team,Global Leadership Team
South Pole Carbon Asset Management Ltd ,Kushal Bhimjiani,"Group General Counsel, Chief Compliance Officer and Corporate Secretary",https://www.southpole.com/about-us/our-leadership-team,Global Leadership Team
South Pole Carbon Asset Management Ltd ,Inga Beale,"Chair, South Pole",https://www.southpole.com/about-us/our-leadership-team,"Board of Directors; page lists her as ""Dame Inga Beale"""
South Pole Carbon Asset Management Ltd ,Matthias Tröndle,Director,https://www.southpole.com/about-us/our-leadership-team,Board of Directors; primary role is Vice President and CFO INFICON Holding AG
South Pole Carbon Asset Management Ltd ,Anshari Rahman,Director,https://www.southpole.com/about-us/our-leadership-team,Board of Directors; primary role is Director Strategy and Development Group at GenZero (Temasek)
South Pole Carbon Asset Management Ltd ,Kimberly Tan,Director,https://www.southpole.com/about-us/our-leadership-team,"Board of Directors; primary role is Head of Investments Managing Director, GenZero (Temasek)"
South Pole Carbon Asset Management Ltd ,Nigel McCleave,Director,https://www.southpole.com/about-us/our-leadership-team,Board of Directors; primary role is Partner at Lightrock
South Pole Carbon Asset Management Ltd ,Christoph Grobbel,Co-Founder & Board Director,https://www.southpole.com/about-us/our-leadership-team,"Page lists him as ""Dr. Christoph Grobbel"""
South Pole Carbon Asset Management Ltd ,Patrick Bürgi,Co-Founder / Managing Director Japan / Senior Advisor Innovation,https://www.southpole.com/about-us/our-leadership-team,
Star Energy Geothermal (parent of Salak/Wayang Windu subsidiaries),Hendra Soetjipto Tan,Director – Chairman,https://www.starenergygeothermal.co.id/our-story/board-of-directors/,Group CEO of Star Energy Geothermal
Star Energy Geothermal (parent of Salak/Wayang Windu subsidiaries),Rudy Suparman,Director,https://www.starenergygeothermal.co.id/our-story/board-of-directors/,Star Energy founder; previously President Director
Star Energy Geothermal (parent of Salak/Wayang Windu subsidiaries),Agus Salim Pangestu,Director,https://www.starenergygeothermal.co.id/our-story/board-of-directors/,Pangestu family / Barito Pacific Group connection
Star Energy Geothermal (parent of Salak/Wayang Windu subsidiaries),Tan Ek Kia,Director,https://www.starenergygeothermal.co.id/our-story/board-of-directors/,
Star Energy Geothermal (parent of Salak/Wayang Windu subsidiaries),Erwin Ciputra,Director,https://www.starenergygeothermal.co.id/our-story/board-of-directors/,Ciputra family connection
Star Energy Geothermal (parent of Salak/Wayang Windu subsidiaries),Patrice Rene Clausse,Director,https://www.starenergygeothermal.co.id/our-story/board-of-directors/,
Star Energy Geothermal (parent of Salak/Wayang Windu subsidiaries),Shinichiro Suzuki,Director,https://www.starenergygeothermal.co.id/our-story/board-of-directors/,
Star Energy Geothermal (parent of Salak/Wayang Windu subsidiaries),Thawat Hirancharukorn,Director,https://www.starenergygeothermal.co.id/our-story/board-of-directors/,
Star Energy Geothermal (parent of Salak/Wayang Windu subsidiaries),Nancy Prajogo Pangestu Tabardel,Director,https://www.starenergygeothermal.co.id/our-story/board-of-directors/,Prajogo Pangestu family connection (Barito Pacific)
Synopex Inc.,Son Kyung-ik,Representative Director / CEO,https://www.synopex.com/eng/,Korean name on page: 손경익
Synopex Inc.,Han Goo-woong,Indonesia Subsidiary Representative,https://www.synopex.com/eng/,Korean name on page: 한구웅; Indonesia-specific role
THE PURE PROJECT SAS,Daniel Klier,Chief Executive Officer,https://pur.co/en/our-team,Executive Team
THE PURE PROJECT SAS,Stéphane Renard,Chief Financial Officer,https://pur.co/en/our-team,Executive Team
THE PURE PROJECT SAS,Frederique Borowiec,Chief Legal Officer & General Counsel,https://pur.co/en/our-team,Executive Team
THE PURE PROJECT SAS,Bianca Ximenes,Chief Data Officer,https://pur.co/en/our-team,Executive Team
THE PURE PROJECT SAS,Yonas-Sebastian Fall,Chief Operating Officer,https://pur.co/en/our-team,Executive Team
THE PURE PROJECT SAS,Andrew Nobrega,Chief Product & Development Officer,https://pur.co/en/our-team,Executive Team
THE PURE PROJECT SAS,Mark Lawson,Chief Growth Officer,https://pur.co/en/our-team,Executive Team
THE PURE PROJECT SAS,Anne-Sophie Bramard,HR Director,https://pur.co/en/our-team,Executive Team
THE PURE PROJECT SAS,Farid Bouazza,IT Director,https://pur.co/en/our-team,Executive Team
THE PURE PROJECT SAS,Madeleine Xavier Susay,"Regional Manager, Asia",https://pur.co/en/our-team,Asia regional leadership — covers Indonesia operations
THE PURE PROJECT SAS,Agustin Silvani,Chair of the Board,https://pur.co/en/our-team,Board of Directors
THE PURE PROJECT SAS,Leslie Johnston,Board Member,https://pur.co/en/our-team,Board of Directors
THE PURE PROJECT SAS,Curt Witte,Board Member,https://pur.co/en/our-team,Board of Directors
THE PURE PROJECT SAS,Henry Weaver,Board Member,https://pur.co/en/our-team,Board of Directors
Thryve Earth (parent of PT Thryve.Earth Indonesia),Vinay Kulkarni,Co-Founder & CEO,https://www.thryve.earth/team,Parent company of PT Thryve.Earth Indonesia (in DATASET_companies.csv)
Thryve Earth (parent of PT Thryve.Earth Indonesia),Ron Steinherz,Co-Founder & CPO,https://www.thryve.earth/team,Parent company of PT Thryve.Earth Indonesia (in DATASET_companies.csv)
Thryve Earth (parent of PT Thryve.Earth Indonesia),Amir Lahav,Head of Software Engineering,https://www.thryve.earth/team,Parent company of PT Thryve.Earth Indonesia (in DATASET_companies.csv)
Thryve Earth (parent of PT Thryve.Earth Indonesia),Harish Reddy,Head of Capital Partnerships,https://www.thryve.earth/team,Parent company of PT Thryve.Earth Indonesia (in DATASET_companies.csv)
TSH Resources Berhad,Kelvin Tan Aik Pen,Chairman / Co-Founder,https://www.tsh.com.my/board-of-directors/,
TSH Resources Berhad,Jasmy Ismail,Independent Non-Executive Director,https://www.tsh.com.my/board-of-directors/,"Page lists him as ""Dato' Jasmy Ismail"""
TSH Resources Berhad,Natasha Zulkifli,Independent Non-Executive Director,https://www.tsh.com.my/board-of-directors/,
TSH Resources Berhad,Paul Lim Joo Heng,Independent Non-Executive Director,https://www.tsh.com.my/board-of-directors/,
TSH Resources Berhad,Ina Hasniza Ibrahim,Independent Non-Executive Director,https://www.tsh.com.my/board-of-directors/,
TSH Resources Berhad,Lim Fook Hin,Non-Independent Non-Executive Director,https://www.tsh.com.my/board-of-directors/,
TSH Resources Berhad,Fong Ging Pang,Executive Director,https://www.tsh.com.my/board-of-directors/,
Value Network Ventures Pte Ltd,Sandeep Roy Choudhury,Co Founder & Director,https://vnv.earth/team/,
Value Network Ventures Pte Ltd,Manjari Chandra,Team Head - Portfolio Management,https://vnv.earth/team/,
Value Network Ventures Pte Ltd,Pourush Prakash,Team Head - Commercials,https://vnv.earth/team/,
Value Network Ventures Pte Ltd,Filip Tetaert,"Team Head - Agriculture, Forestry and Land-Use (AFOLU)",https://vnv.earth/team/,AFOLU lead — relevant to Indonesian carbon/forestry projects
Value Network Ventures Pte Ltd,Kasturi Navalkar,Team Head - Partnerships,https://vnv.earth/team/,
Value Network Ventures Pte Ltd,Atri Shaw,Team Head - REDD+ Projects,https://vnv.earth/team/,"REDD+ lead — directly relevant to Indonesian forestry projects. Page lists him as ""Dr. Atri Shaw"""
Value Network Ventures Pte Ltd,Jibotosh Pandit,Head - Remote Sensing & GIS,https://vnv.earth/team/,
Vlinder Austria GmbH(Proponent),Tom Kagerer,CEO,https://vlinderclimate.com/,Executive Leadership
Vlinder Austria GmbH(Proponent),Sergey Ivliev,"Founder, Chief Strategy Officer",https://vlinderclimate.com/,"Page lists him as ""Dr. Sergey Ivliev"""
Vlinder Austria GmbH(Proponent),Lena Mechenkova,"Founder, Head of Projects",https://vlinderclimate.com/,
Vlinder Austria GmbH(Proponent),Robin Bartmann,COO,https://vlinderclimate.com/,
Vlinder Austria GmbH(Proponent),Christian Svoboda,CFO,https://vlinderclimate.com/,
Vlinder Austria GmbH(Proponent),Holly Elgar,Technical and Knowledge Lead,https://vlinderclimate.com/,
Vlinder Austria GmbH(Proponent),Galih Prasetya,Implementation Lead - Indonesia,https://vlinderclimate.com/,Indonesia-specific role
Yayasan Bumi Sasmaya,IGN Agastya Yatra,Head of Foundation,https://bumisasmaya.org/about-us/,
Yayasan Bumi Sasmaya,Sean Nino Lotze,Founder (Board of Trustee),https://bumisasmaya.org/about-us/,
Yayasan Bumi Sasmaya,Komang Cahyendra,Supervisor (Board of Trustee),https://bumisasmaya.org/about-us/,
Yayasan Inisiasi Alam Rehabilitasi Indonesia (YIARI),Karmele Llano Sanchez,Founder and Chief Executive Officer,https://www.linkedin.com/in/karmele-llano-sanchez-21919b354/,"yiari.or.id blocked by 403 to WebFetch; LinkedIn profile is her own public-facing record. Wildlife Conservation Veterinarian; co-founded YIARI 2008 with funding from International Animal Rescue (IAR). Title quote: ""Founder and Chief Executive Officer at Yayasan Inisiasi Alam Rehabilitasi Indonesia (YIARI)"""
Yayasan Konservasi Pesisir Indonesia (YAKOPI),Eling Tuhono,Director,https://www.yakopi.org/,"Identified as ""YAKOPI Director"" on homepage news; full name: Eling Tuhono, S.Pd., M.Si."
Yayasan Rumah Energi (YRE),Maritje Hutapea,Chairwoman of the Advisory Board,https://www.rumahenergi.org/en/about-rumah-energi/our-team,
Yayasan Rumah Energi (YRE),Sandra Winarsa,Member of the Advisory Board,https://www.rumahenergi.org/en/about-rumah-energi/our-team,
Yayasan Rumah Energi (YRE),Husnul Maad,Chairman of the Supervisory Board,https://www.rumahenergi.org/en/about-rumah-energi/our-team,
Yayasan Rumah Energi (YRE),Elrika Hamdi,Member of the Supervisory Board,https://www.rumahenergi.org/en/about-rumah-energi/our-team,
Yayasan Rumah Energi (YRE),Husni Irawati,Member of the Supervisory Board,https://www.rumahenergi.org/en/about-rumah-energi/our-team,
Yayasan Rumah Energi (YRE),Sumanda Tondang,Executive Director,https://www.rumahenergi.org/en/about-rumah-energi/our-team,
Yayasan Rumah Energi (YRE),Gustina,Operation Director & Project Manager Pro-Women,https://www.rumahenergi.org/en/about-rumah-energi/our-team,
Yayasan Rumah Energi (YRE),Hernety,Finance Director,https://www.rumahenergi.org/en/about-rumah-energi/our-team,
180 Climate PTE.Ltd,(no info found),,https://www.180climate.net/,"Searched https://www.180climate.net/ — no leadership listed. Try news searches (Indonesian: Tempo, Kompas, Bisnis Indonesia; English: Reuters, Mongabay) or Indonesian business registry companieshouse.id."
Agraus Resources,(no info found),,https://agrausresources.com/,"Searched https://agrausresources.com/ — no leadership listed. Try news searches (Indonesian: Tempo, Kompas, Bisnis Indonesia; English: Reuters, Mongabay) or Indonesian business registry companieshouse.id."
"AgriCapture, Inc.",(no info found),,https://agricapture.com/,"Searched https://agricapture.com/ — no leadership listed. Try news searches (Indonesian: Tempo, Kompas, Bisnis Indonesia; English: Reuters, Mongabay) or Indonesian business registry companieshouse.id."
AgriTC,(no info found),,?,"No company website or canonical source in DATASET_companies.csv. Try Indonesian business registry (companieshouse.id), news searches, or LinkedIn."
Althelia Climate Fund,(no info found),,https://www.eib.org/en/projects/all/20100720,"Searched https://www.eib.org/en/projects/all/20100720 — no leadership listed. Try news searches (Indonesian: Tempo, Kompas, Bisnis Indonesia; English: Reuters, Mongabay) or Indonesian business registry companieshouse.id."
Ambrawa village,(no info found),,https://registry.verra.org/app/projectDetail/VCS/3226,"Local-level entity (village, cooperative, or community forest body). Leadership is typically village heads / cooperative chairs not published online; try local government records or REDD+ project documents."
APOLOWNIA SAS,(no info found),,https://www.apolownia.com/,"Searched https://www.apolownia.com/ — no leadership listed. Try news searches (Indonesian: Tempo, Kompas, Bisnis Indonesia; English: Reuters, Mongabay) or Indonesian business registry companieshouse.id."
"Asia Assets Developments Co., Ltd.",(no info found),,https://www.asiaassetsdev.com/,"Searched https://www.asiaassetsdev.com/ — no leadership listed. Try news searches (Indonesian: Tempo, Kompas, Bisnis Indonesia; English: Reuters, Mongabay) or Indonesian business registry companieshouse.id."
ASIA PACIFIC RESOURCES INTERNATIONAL LTD (APRIL),(no info found),,https://www.aprilasia.com/en/,"Searched https://www.aprilasia.com/en/ — no leadership listed. Try news searches (Indonesian: Tempo, Kompas, Bisnis Indonesia; English: Reuters, Mongabay) or Indonesian business registry companieshouse.id."
atmosfair gGmbH,(no info found),,https://cdm.unfccc.int/UserManagement/FileStorage/3CEHJR07WGKNQY84MOVBPFTX2DZ6I9,"No company website in dataset — URL points to a registry document. Try the project's PDD (Project Design Document) at https://cdm.unfccc.int/UserManagement/FileStorage/3CEHJR07WGKNQY84MOVBPFTX2DZ6I9 for company contact details, or search for the company on companieshouse.id."
BALIFOKUS,(no info found),,https://cdm.unfccc.int/UserManagement/FileStorage/3CEHJR07WGKNQY84MOVBPFTX2DZ6I8,"No company website in dataset — URL points to a registry document. Try the project's PDD (Project Design Document) at https://cdm.unfccc.int/UserManagement/FileStorage/3CEHJR07WGKNQY84MOVBPFTX2DZ6I8 for company contact details, or search for the company on companieshouse.id."
Batu Ampar village,(no info found),,https://registry.verra.org/app/projectDetail/VCS/3227,"Local-level entity (village, cooperative, or community forest body). Leadership is typically village heads / cooperative chairs not published online; try local government records or REDD+ project documents."
Bentang Kalimantan,(no info found),,https://bentangkalimantan.org/,"Searched https://bentangkalimantan.org/ — no leadership listed. Try news searches (Indonesian: Tempo, Kompas, Bisnis Indonesia; English: Reuters, Mongabay) or Indonesian business registry companieshouse.id."
Bentang Kalimantan Tangguh,(no info found),,https://bentangkalimantan.org/,"Searched https://bentangkalimantan.org/ — no leadership listed. Try news searches (Indonesian: Tempo, Kompas, Bisnis Indonesia; English: Reuters, Mongabay) or Indonesian business registry companieshouse.id."
BEST (Tangerang and Surabya): Bina Ekonomi Sosial Terpadu (Institute for integrated economic and social development),(no info found),,https://cdm.unfccc.int/UserManagement/FileStorage/3CEHJR07WGKNQY84MOVBPFTX2DZ6I6,"No company website in dataset — URL points to a registry document. Try the project's PDD (Project Design Document) at https://cdm.unfccc.int/UserManagement/FileStorage/3CEHJR07WGKNQY84MOVBPFTX2DZ6I6 for company contact details, or search for the company on companieshouse.id."
BORDA (Bremen Overseas Research and Development Association) Indonesia,(no info found),,https://cdm.unfccc.int/UserManagement/FileStorage/3CEHJR07WGKNQY84MOVBPFTX2DZ6I5,"No company website in dataset — URL points to a registry document. Try the project's PDD (Project Design Document) at https://cdm.unfccc.int/UserManagement/FileStorage/3CEHJR07WGKNQY84MOVBPFTX2DZ6I5 for company contact details, or search for the company on companieshouse.id."
Bumi Hijau Konservasi,(no info found),,https://companieshouse.id/bumi-hijau-konservasi-1219022,"Indonesian business registry entry (https://companieshouse.id/bumi-hijau-konservasi-1219022) typically lists the founding directors at incorporation but not current leadership. Try news searches in Indonesian (Tempo, Kompas, Bisnis Indonesia) or LinkedIn."
Canopy Carbon PTE LTD,(no info found),,https://www.canopycarbon.org/,"Searched https://www.canopycarbon.org/ — no leadership listed. Try news searches (Indonesian: Tempo, Kompas, Bisnis Indonesia; English: Reuters, Mongabay) or Indonesian business registry companieshouse.id."
Caritas Switzerland,(no info found),,https://assurance-platform.goldstandard.org/project-documents/GS1374,"No company website in dataset — URL points to a registry document. Try the project's PDD (Project Design Document) at https://assurance-platform.goldstandard.org/project-documents/GS1374 for company contact details, or search for the company on companieshouse.id."
Deloitte Advisory (Hong Kong) Limited,(no info found),,https://www.deloitte.com/cn/en/offices/hongkong.html,"Searched https://www.deloitte.com/cn/en/offices/hongkong.html — no leadership listed. Try news searches (Indonesian: Tempo, Kompas, Bisnis Indonesia; English: Reuters, Mongabay) or Indonesian business registry companieshouse.id."
EcoSecurities Group Limited,(no info found),,https://ecosecurities.com/about/,"Searched https://ecosecurities.com/about/ — no leadership listed. Try news searches (Indonesian: Tempo, Kompas, Bisnis Indonesia; English: Reuters, Mongabay) or Indonesian business registry companieshouse.id."
Ecosecurities Group Limited (EGL),(no info found),,https://ecosecurities.com/,"Searched https://ecosecurities.com/ — no leadership listed. Try news searches (Indonesian: Tempo, Kompas, Bisnis Indonesia; English: Reuters, Mongabay) or Indonesian business registry companieshouse.id."
Ecosphere+,(no info found),,https://www.weforum.org/organizations/ecosphere/,"Searched https://www.weforum.org/organizations/ecosphere/ — no leadership listed. Try news searches (Indonesian: Tempo, Kompas, Bisnis Indonesia; English: Reuters, Mongabay) or Indonesian business registry companieshouse.id."
Electrabel NV/SA,(no info found),,https://nl.wikipedia.org/wiki/Engie_Electrabel,"Searched https://nl.wikipedia.org/wiki/Engie_Electrabel — no leadership listed. Try news searches (Indonesian: Tempo, Kompas, Bisnis Indonesia; English: Reuters, Mongabay) or Indonesian business registry companieshouse.id."
EVI Green Markets Pte. Ltd.,(no info found),,https://www.sgpbusiness.com/company/Evi-Green-Markets-Pte-Ltd,"Searched https://www.sgpbusiness.com/company/Evi-Green-Markets-Pte-Ltd — no leadership listed. Try news searches (Indonesian: Tempo, Kompas, Bisnis Indonesia; English: Reuters, Mongabay) or Indonesian business registry companieshouse.id."
Fairatmos International Pte. Ltd.,(no info found),,https://www.fairatmos.com/,Singapore entity of Fairatmos. Same founder/CEO as PT Udara Untuk Semua - FAIRATMOS (Natalia Rialucky Marsudi). See that row.
Form International B.V.,(no info found),,https://www.houtwereld.nl/handel/certificeringen-en-keurmerken/form-international-failliet-kans-op-doorstart-gering/,"Searched https://www.houtwereld.nl/handel/certificeringen-en-keurmerken/form-international-failliet-kans-op-doorstart-gering/ — no leadership listed. Try news searches (Indonesian: Tempo, Kompas, Bisnis Indonesia; English: Reuters, Mongabay) or Indonesian business registry companieshouse.id."
"Forward Intelligence Energy Co., Ltd.",(no info found),,http://forward-intelligence.com/,"Searched http://forward-intelligence.com/ — no leadership listed. Try news searches (Indonesian: Tempo, Kompas, Bisnis Indonesia; English: Reuters, Mongabay) or Indonesian business registry companieshouse.id."
Global Mangrove Trust,(no info found),,https://globalmangrove.org,"Searched https://globalmangrove.org — no leadership listed. Try news searches (Indonesian: Tempo, Kompas, Bisnis Indonesia; English: Reuters, Mongabay) or Indonesian business registry companieshouse.id."
Himpanzee Pte Ltd,(no info found),,https://www.himpanzee.com/,"Searched https://www.himpanzee.com/ — no leadership listed. Try news searches (Indonesian: Tempo, Kompas, Bisnis Indonesia; English: Reuters, Mongabay) or Indonesian business registry companieshouse.id."
HIVOS Humanist Institute for Co-operation with Developing Countries,(no info found),,https://hivos.nl,"Searched https://hivos.nl — no leadership listed. Try news searches (Indonesian: Tempo, Kompas, Bisnis Indonesia; English: Reuters, Mongabay) or Indonesian business registry companieshouse.id."
"Indacom PTE, LTD.",(no info found),,https://www.linkedin.com/company/indacom/?originalSubdomain=sg,Only a LinkedIn URL is available (https://www.linkedin.com/company/indacom/?originalSubdomain=sg). LinkedIn requires authenticated access to view executives. Try the company's own website or news searches.
InfiniteEARTH,(no info found),,XXX,"No company website or canonical source in DATASET_companies.csv. Try Indonesian business registry (companieshouse.id), news searches, or LinkedIn."
Japan Asia Group Ltd.,(no info found),,https://www.weforum.org/organizations/japan-asia-group-limited/,"Searched https://www.weforum.org/organizations/japan-asia-group-limited/ — no leadership listed. Try news searches (Indonesian: Tempo, Kompas, Bisnis Indonesia; English: Reuters, Mongabay) or Indonesian business registry companieshouse.id."
Jaringan untuk Hutan (JAUH),(no info found),,https://www.reddprojectsdatabase.org/partner/2177-ribang-gayo-musara-rgm/,"Local-level entity (village, cooperative, or community forest body). Leadership is typically village heads / cooperative chairs not published online; try local government records or REDD+ project documents."
K.S.U Mahara,(no info found),,https://www.reddprojectsdatabase.org/partner/2177-ribang-gayo-musara-rgm/,"Local-level entity (village, cooperative, or community forest body). Leadership is typically village heads / cooperative chairs not published online; try local government records or REDD+ project documents."
Knowledge Integration Services (Singapore) PTE. Ltd.,(no info found),,https://kisgroup.net/,"Searched https://kisgroup.net/ — no leadership listed. Try news searches (Indonesian: Tempo, Kompas, Bisnis Indonesia; English: Reuters, Mongabay) or Indonesian business registry companieshouse.id."
Knowledge Intergration Services (Singapore) Pte. Ltd,(no info found),,https://kisgroup.net/,"Searched https://kisgroup.net/ — no leadership listed. Try news searches (Indonesian: Tempo, Kompas, Bisnis Indonesia; English: Reuters, Mongabay) or Indonesian business registry companieshouse.id."
Koalisi Pegiat Lingkungan Pulau Belitung (KPLPB),(no info found),,https://www.reddprojectsdatabase.org/partner/2177-ribang-gayo-musara-rgm/,"Local-level entity (village, cooperative, or community forest body). Leadership is typically village heads / cooperative chairs not published online; try local government records or REDD+ project documents."
Kokusai Kogyo,(no info found),,https://www.kkc.co.jp/english/,"Searched https://www.kkc.co.jp/english/ — no leadership listed. Try news searches (Indonesian: Tempo, Kompas, Bisnis Indonesia; English: Reuters, Mongabay) or Indonesian business registry companieshouse.id."
Kopepi Ketiara,(no info found),,https://www.reddprojectsdatabase.org/partner/2177-ribang-gayo-musara-rgm/,"Local-level entity (village, cooperative, or community forest body). Leadership is typically village heads / cooperative chairs not published online; try local government records or REDD+ project documents."
Koperasi Gayo Antara,(no info found),,https://www.reddprojectsdatabase.org/partner/2177-ribang-gayo-musara-rgm/,"Local-level entity (village, cooperative, or community forest body). Leadership is typically village heads / cooperative chairs not published online; try local government records or REDD+ project documents."
Koperasi Kopi Gayo Organik (KKGO),(no info found),,https://www.reddprojectsdatabase.org/partner/2177-ribang-gayo-musara-rgm/,"Local-level entity (village, cooperative, or community forest body). Leadership is typically village heads / cooperative chairs not published online; try local government records or REDD+ project documents."
Kosher Climate India Pvt. Ltd.,(no info found),,https://kosherclimate.com/about/,"Searched https://kosherclimate.com/about/ — no leadership listed. Try news searches (Indonesian: Tempo, Kompas, Bisnis Indonesia; English: Reuters, Mongabay) or Indonesian business registry companieshouse.id."
"KPHP Tasik Besar Serkap, Riau Province-Indonesia",(no info found),,??,KPHP = Forest Management Unit (governmental technical implementation unit under Ministry of Environment and Forestry). Try Ministry of Environment and Forestry (Kementerian LHK) staff directory.
Kuoni Travel Holding Limited,(no info found),,https://assurance-platform.goldstandard.org/project-documents/GS1374,"No company website in dataset — URL points to a registry document. Try the project's PDD (Project Design Document) at https://assurance-platform.goldstandard.org/project-documents/GS1374 for company contact details, or search for the company on companieshouse.id."
Lembaga Pengelola Hutan Desa (LPHD) Batampang,(no info found),,XXX,"Village Forest Management Institute (LPHD). Leaders are local; try the Verra/Plan Vivo project documents for the parent project, or Indonesian Ministry of Environment records."
Lembaga Pengelola Hutan Desa (LPHD) Batilap,(no info found),,XXX,"Village Forest Management Institute (LPHD). Leaders are local; try the Verra/Plan Vivo project documents for the parent project, or Indonesian Ministry of Environment records."
Leuser Hijau Lestari (LAHIR),(no info found),,https://www.reddprojectsdatabase.org/partner/2177-ribang-gayo-musara-rgm/,"No company website in dataset — URL points to a registry document. Try the project's PDD (Project Design Document) at https://www.reddprojectsdatabase.org/partner/2177-ribang-gayo-musara-rgm/ for company contact details, or search for the company on companieshouse.id."
Livelihoods Carbon Fund SICAV-RAIF,(no info found),,https://innpact.com/references/lcf3-livelihoods-carbon-fund/,"Searched https://innpact.com/references/lcf3-livelihoods-carbon-fund/ — no leadership listed. Try news searches (Indonesian: Tempo, Kompas, Bisnis Indonesia; English: Reuters, Mongabay) or Indonesian business registry companieshouse.id."
Livelihoods Fund SICAV SUF,(no info found),,https://livelihoods.eu/,"Searched https://livelihoods.eu/ — no leadership listed. Try news searches (Indonesian: Tempo, Kompas, Bisnis Indonesia; English: Reuters, Mongabay) or Indonesian business registry companieshouse.id."
Livelihoods Venture,(no info found),,https://livelihoods.eu/press-release-livelihoods-venture-announces-the-appointment-of-its-ceo/,"Searched https://livelihoods.eu/press-release-livelihoods-venture-announces-the-appointment-of-its-ceo/ — no leadership listed. Try news searches (Indonesian: Tempo, Kompas, Bisnis Indonesia; English: Reuters, Mongabay) or Indonesian business registry companieshouse.id."
LPHD Ambarawa,(no info found),,XXX,"Local-level entity (village, cooperative, or community forest body). Leadership is typically village heads / cooperative chairs not published online; try local government records or REDD+ project documents."
LPHD Ambawang,(no info found),,XXX,"Local-level entity (village, cooperative, or community forest body). Leadership is typically village heads / cooperative chairs not published online; try local government records or REDD+ project documents."
LPHD Batu Ampar,(no info found),,XXX,"Local-level entity (village, cooperative, or community forest body). Leadership is typically village heads / cooperative chairs not published online; try local government records or REDD+ project documents."
LPHD Betuah,(no info found),,XXX,"Local-level entity (village, cooperative, or community forest body). Leadership is typically village heads / cooperative chairs not published online; try local government records or REDD+ project documents."
LPHD Dabong,(no info found),,XXX,"Local-level entity (village, cooperative, or community forest body). Leadership is typically village heads / cooperative chairs not published online; try local government records or REDD+ project documents."
LPHD Dusun Besar,(no info found),,XXX,"Local-level entity (village, cooperative, or community forest body). Leadership is typically village heads / cooperative chairs not published online; try local government records or REDD+ project documents."
LPHD Dusun Kecil,(no info found),,XXX,"Local-level entity (village, cooperative, or community forest body). Leadership is typically village heads / cooperative chairs not published online; try local government records or REDD+ project documents."
LPHD Kampung Baru,(no info found),,XXX,"Local-level entity (village, cooperative, or community forest body). Leadership is typically village heads / cooperative chairs not published online; try local government records or REDD+ project documents."
LPHD Kampung Baru Head,(no info found),,XXX,"Local-level entity (village, cooperative, or community forest body). Leadership is typically village heads / cooperative chairs not published online; try local government records or REDD+ project documents."
LPHD Kemboja,(no info found),,XXX,"Local-level entity (village, cooperative, or community forest body). Leadership is typically village heads / cooperative chairs not published online; try local government records or REDD+ project documents."
LPHD Kubu,(no info found),,XXX,"Local-level entity (village, cooperative, or community forest body). Leadership is typically village heads / cooperative chairs not published online; try local government records or REDD+ project documents."
LPHD Medan Mas,(no info found),,XXX,"Local-level entity (village, cooperative, or community forest body). Leadership is typically village heads / cooperative chairs not published online; try local government records or REDD+ project documents."
LPHD Mengkalang,(no info found),,XXX,"Local-level entity (village, cooperative, or community forest body). Leadership is typically village heads / cooperative chairs not published online; try local government records or REDD+ project documents."
LPHD Nipah Panjang,(no info found),,XXX,"Local-level entity (village, cooperative, or community forest body). Leadership is typically village heads / cooperative chairs not published online; try local government records or REDD+ project documents."
LPHD Padang Tikar Satu,(no info found),,XXX,"Local-level entity (village, cooperative, or community forest body). Leadership is typically village heads / cooperative chairs not published online; try local government records or REDD+ project documents."
LPHD Satai Lestari,(no info found),,XXX,"Local-level entity (village, cooperative, or community forest body). Leadership is typically village heads / cooperative chairs not published online; try local government records or REDD+ project documents."
LPHD Setuat Dua,(no info found),,XXX,"Local-level entity (village, cooperative, or community forest body). Leadership is typically village heads / cooperative chairs not published online; try local government records or REDD+ project documents."
LPHD Sungai Bemban,(no info found),,XXX,"Local-level entity (village, cooperative, or community forest body). Leadership is typically village heads / cooperative chairs not published online; try local government records or REDD+ project documents."
LPHD Sungai Besar,(no info found),,XXX,"Local-level entity (village, cooperative, or community forest body). Leadership is typically village heads / cooperative chairs not published online; try local government records or REDD+ project documents."
LPHD Sungai Jawi,(no info found),,XXX,"Local-level entity (village, cooperative, or community forest body). Leadership is typically village heads / cooperative chairs not published online; try local government records or REDD+ project documents."
LPHD Tanjung Beringin,(no info found),,XXX,"Local-level entity (village, cooperative, or community forest body). Leadership is typically village heads / cooperative chairs not published online; try local government records or REDD+ project documents."
LPHD Tanjung Harapan,(no info found),,XXX,"Local-level entity (village, cooperative, or community forest body). Leadership is typically village heads / cooperative chairs not published online; try local government records or REDD+ project documents."
LPHD Tanjung Satai,(no info found),,XXX,"Local-level entity (village, cooperative, or community forest body). Leadership is typically village heads / cooperative chairs not published online; try local government records or REDD+ project documents."
LPHD Tasik Malaya,(no info found),,XXX,"Local-level entity (village, cooperative, or community forest body). Leadership is typically village heads / cooperative chairs not published online; try local government records or REDD+ project documents."
LPHD Teluk Bakung,(no info found),,XXX,"Local-level entity (village, cooperative, or community forest body). Leadership is typically village heads / cooperative chairs not published online; try local government records or REDD+ project documents."
LPHD Teluk Nibung,(no info found),,XXX,"Local-level entity (village, cooperative, or community forest body). Leadership is typically village heads / cooperative chairs not published online; try local government records or REDD+ project documents."
"LPTP Lembaga PEMBANGUNAN Teknologi Perdesaan (Foundation for the development of
rural tecnologies)",(no info found),,https://cdm.unfccc.int/UserManagement/FileStorage/3CEHJR07WGKNQY84MOVBPFTX2DZ6I7,"No company website in dataset — URL points to a registry document. Try the project's PDD (Project Design Document) at https://cdm.unfccc.int/UserManagement/FileStorage/3CEHJR07WGKNQY84MOVBPFTX2DZ6I7 for company contact details, or search for the company on companieshouse.id."
Manggala Karbon Indonesia,(no info found),,https://vlinderclimate.com/kupu-kupu,"Searched https://vlinderclimate.com/kupu-kupu — no leadership listed. Try news searches (Indonesian: Tempo, Kompas, Bisnis Indonesia; English: Reuters, Mongabay) or Indonesian business registry companieshouse.id."
Masarang Foundation,(no info found),,https://masarang.eu/,"Searched https://masarang.eu/ — no leadership listed. Try news searches (Indonesian: Tempo, Kompas, Bisnis Indonesia; English: Reuters, Mongabay) or Indonesian business registry companieshouse.id."
Medan Mas village,(no info found),,https://registry.verra.org/app/projectDetail/VCS/3228,"Local-level entity (village, cooperative, or community forest body). Leadership is typically village heads / cooperative chairs not published online; try local government records or REDD+ project documents."
Ministry of Climate and Energy Danish Energy Agency,(no info found),,https://cdm.unfccc.int/UserManagement/FileStorage/XF8CZ04RIDNJPK2GWH169O7BQVYETL,"No company website in dataset — URL points to a registry document. Try the project's PDD (Project Design Document) at https://cdm.unfccc.int/UserManagement/FileStorage/XF8CZ04RIDNJPK2GWH169O7BQVYETL for company contact details, or search for the company on companieshouse.id."
Monsoon Carbon Pte. Ltd.,(no info found),,www.monsooncarbon.com,"No company website or canonical source in DATASET_companies.csv. Try Indonesian business registry (companieshouse.id), news searches, or LinkedIn."
myclimate – The Climate Protection Partnership,(no info found),,https://www.myclimate.org/en/get-active/climate-protection-projects/,"Searched https://www.myclimate.org/en/get-active/climate-protection-projects/ — no leadership listed. Try news searches (Indonesian: Tempo, Kompas, Bisnis Indonesia; English: Reuters, Mongabay) or Indonesian business registry companieshouse.id."
Neusa Global Pte Ltd,(no info found),,https://www.credencedata.com/company-profile/sgp/neusa-global-pte-ltd-27ef2708,"Searched https://www.credencedata.com/company-profile/sgp/neusa-global-pte-ltd-27ef2708 — no leadership listed. Try news searches (Indonesian: Tempo, Kompas, Bisnis Indonesia; English: Reuters, Mongabay) or Indonesian business registry companieshouse.id."
Nipah Panjang village,(no info found),,https://registry.verra.org/app/projectDetail/VCS/3229,"Local-level entity (village, cooperative, or community forest body). Leadership is typically village heads / cooperative chairs not published online; try local government records or REDD+ project documents."
Nusantara Climate Initiative Indonesia,(no info found),,https://nusantaraclimate.co.id/,"Searched https://nusantaraclimate.co.id/ — no leadership listed. Try news searches (Indonesian: Tempo, Kompas, Bisnis Indonesia; English: Reuters, Mongabay) or Indonesian business registry companieshouse.id."
Orangutan Foundation International,(no info found),,XXX,"No company website or canonical source in DATASET_companies.csv. Try Indonesian business registry (companieshouse.id), news searches, or LinkedIn."
Padang Tikar Sahu village,(no info found),,https://registry.verra.org/app/projectDetail/VCS/3230,"Local-level entity (village, cooperative, or community forest body). Leadership is typically village heads / cooperative chairs not published online; try local government records or REDD+ project documents."
Perkumpulan SAMPAN Kalimantan,(no info found),,https://sampankalimantan.id/,"Searched https://sampankalimantan.id/ — no leadership listed. Try news searches (Indonesian: Tempo, Kompas, Bisnis Indonesia; English: Reuters, Mongabay) or Indonesian business registry companieshouse.id."
Perumda Air Minum Tirta Rangga Subang,(no info found),,https://www.instagram.com/perumdatrs/,"Searched https://www.instagram.com/perumdatrs/ — no leadership listed. Try news searches (Indonesian: Tempo, Kompas, Bisnis Indonesia; English: Reuters, Mongabay) or Indonesian business registry companieshouse.id."
Perusahaan Listrik Negara (PT. PLN (Persero),(no info found),,,"No company website or canonical source in DATASET_companies.csv. Try Indonesian business registry (companieshouse.id), news searches, or LinkedIn."
Project Team ATR Inc.,(no info found),,https://enatr.imweb.me/69,"Searched https://enatr.imweb.me/69 — no leadership listed. Try news searches (Indonesian: Tempo, Kompas, Bisnis Indonesia; English: Reuters, Mongabay) or Indonesian business registry companieshouse.id."
PT Agrinergy Indonesia,(no info found),,http://www.agrinergy.com/,"Searched http://www.agrinergy.com/ — no leadership listed. Try news searches (Indonesian: Tempo, Kompas, Bisnis Indonesia; English: Reuters, Mongabay) or Indonesian business registry companieshouse.id."
PT Andalas Agro Industry,(no info found),,https://rspo.org/wp-content/uploads/RSPO-Public-Announcement-Template-ENG-PT-Andalas-Agro-Industri.pdf,"No company website in dataset — URL points to a registry document. Try the project's PDD (Project Design Document) at https://rspo.org/wp-content/uploads/RSPO-Public-Announcement-Template-ENG-PT-Andalas-Agro-Industri.pdf for company contact details, or search for the company on companieshouse.id."
PT Andalas Wahana Berjaya,(no info found),,,"No company website or canonical source in DATASET_companies.csv. Try Indonesian business registry (companieshouse.id), news searches, or LinkedIn."
PT Asia Pasifik Asset Percayaan,(no info found),,https://trustindonesia.co.id/,"Searched https://trustindonesia.co.id/ — no leadership listed. Try news searches (Indonesian: Tempo, Kompas, Bisnis Indonesia; English: Reuters, Mongabay) or Indonesian business registry companieshouse.id."
PT Austral Byna,(no info found),,XXX,"No company website or canonical source in DATASET_companies.csv. Try Indonesian business registry (companieshouse.id), news searches, or LinkedIn."
PT Belantara Sejahtera Mandiri,(no info found),,https://www.tap-agri.com/,"Searched https://www.tap-agri.com/ — no leadership listed. Try news searches (Indonesian: Tempo, Kompas, Bisnis Indonesia; English: Reuters, Mongabay) or Indonesian business registry companieshouse.id."
PT Bintang Lima Makmur,(no info found),,XXX,"No company website or canonical source in DATASET_companies.csv. Try Indonesian business registry (companieshouse.id), news searches, or LinkedIn."
PT CarbonX Bumi Harmoni,(no info found),,https://www.carbonxco.com/contact-us,"Searched https://www.carbonxco.com/contact-us — no leadership listed. Try news searches (Indonesian: Tempo, Kompas, Bisnis Indonesia; English: Reuters, Mongabay) or Indonesian business registry companieshouse.id."
PT Charged Tech Indonesia,(no info found),,https://charged.asia/,"Searched https://charged.asia/ — no leadership listed. Try news searches (Indonesian: Tempo, Kompas, Bisnis Indonesia; English: Reuters, Mongabay) or Indonesian business registry companieshouse.id."
PT Citra Mulia Inti,(no info found),,?,"No company website or canonical source in DATASET_companies.csv. Try Indonesian business registry (companieshouse.id), news searches, or LinkedIn."
PT Dewa Agricoco Indonesia,(no info found),,https://www.dewacoco.com/,"Searched https://www.dewacoco.com/ — no leadership listed. Try news searches (Indonesian: Tempo, Kompas, Bisnis Indonesia; English: Reuters, Mongabay) or Indonesian business registry companieshouse.id."
PT Energi Bayu Jeneponto,(no info found),,https://www.adb.org/sites/default/files/project-documents/51209/51209-001-esmr-en_3.pdf,"Searched https://www.adb.org/sites/default/files/project-documents/51209/51209-001-esmr-en_3.pdf — no leadership listed. Try news searches (Indonesian: Tempo, Kompas, Bisnis Indonesia; English: Reuters, Mongabay) or Indonesian business registry companieshouse.id."
PT Energi Selalu Baru (ESB),(no info found),,https://www.nfcindonesia.id/copy-of-esb,"Searched https://www.nfcindonesia.id/copy-of-esb — no leadership listed. Try news searches (Indonesian: Tempo, Kompas, Bisnis Indonesia; English: Reuters, Mongabay) or Indonesian business registry companieshouse.id."
PT Farinda Bersaudara,(no info found),,,"No company website or canonical source in DATASET_companies.csv. Try Indonesian business registry (companieshouse.id), news searches, or LinkedIn."
PT Global Alam Lestari,(no info found),,https://globalalamlestari.wordpress.com/,"Searched https://globalalamlestari.wordpress.com/ — no leadership listed. Try news searches (Indonesian: Tempo, Kompas, Bisnis Indonesia; English: Reuters, Mongabay) or Indonesian business registry companieshouse.id."
PT Gree Energy Hamparan,(no info found),,https://gree-energy.com/project/hamparan/,"Searched https://gree-energy.com/project/hamparan/ — no leadership listed. Try news searches (Indonesian: Tempo, Kompas, Bisnis Indonesia; English: Reuters, Mongabay) or Indonesian business registry companieshouse.id."
PT Green Ekonomi Sejahtera,(no info found),,XXX,"No company website or canonical source in DATASET_companies.csv. Try Indonesian business registry (companieshouse.id), news searches, or LinkedIn."
PT Hamparan Bumi Mas Abadi,(no info found),,https://companieshouse.id/hamparan-bumi-mas-abadi,"Indonesian business registry entry (https://companieshouse.id/hamparan-bumi-mas-abadi) typically lists the founding directors at incorporation but not current leadership. Try news searches in Indonesian (Tempo, Kompas, Bisnis Indonesia) or LinkedIn."
PT Hamparan Eco Semesta,(no info found),,https://www.linkedin.com/company/hes-foundation-yayasan-hamparan-eco-semesta/,Only a LinkedIn URL is available (https://www.linkedin.com/company/hes-foundation-yayasan-hamparan-eco-semesta/). LinkedIn requires authenticated access to view executives. Try the company's own website or news searches.
PT Hatfield Indonesia,(no info found),,https://hatfieldgroup.com/region/indonesia/,"See ""Hatfield Consultants (parent of PT Hatfield Indonesia)"" for parent leadership. Indonesia subsidiary leadership not publicly listed; try hatfieldgroup.com/region/indonesia/."
PT Holland For Water (Navaza),(no info found),,https://global.nazava.com,"See ""Nazava (parent of PT Holland For Water)"" for parent founders. Indonesia-specific leadership shown only by first name on global.nazava.com (e.g. ""Ayie - Country Manager"") — too ambiguous to record. Try LinkedIn."
PT Indika Multi Properti (PT IMP),(no info found),,XXX,"No company website or canonical source in DATASET_companies.csv. Try Indonesian business registry (companieshouse.id), news searches, or LinkedIn."
PT Indo Hutan Ekosistem,(no info found),,XXX,"No company website or canonical source in DATASET_companies.csv. Try Indonesian business registry (companieshouse.id), news searches, or LinkedIn."
PT Indonesia Power,(no info found),,State company (a part of PLN),"No company website or canonical source in DATASET_companies.csv. Try Indonesian business registry (companieshouse.id), news searches, or LinkedIn."
PT Infrastruktur Terbarukan Adhiguna,(no info found),,https://climatetrade.s3.amazonaws.com/media/projects/documentation/validation/4f495327-5b8b-431a-a949-ef4a0301a49a_EgT7LR0.pdf,"Searched https://climatetrade.s3.amazonaws.com/media/projects/documentation/validation/4f495327-5b8b-431a-a949-ef4a0301a49a_EgT7LR0.pdf — no leadership listed. Try news searches (Indonesian: Tempo, Kompas, Bisnis Indonesia; English: Reuters, Mongabay) or Indonesian business registry companieshouse.id."
PT Infrastruktur Terbarukan Buana,(no info found),,https://climatetrade.s3.amazonaws.com/media/projects/documentation/validation/4f495327-5b8b-431a-a949-ef4a0301a49a_EgT7LR0.pdf,"Searched https://climatetrade.s3.amazonaws.com/media/projects/documentation/validation/4f495327-5b8b-431a-a949-ef4a0301a49a_EgT7LR0.pdf — no leadership listed. Try news searches (Indonesian: Tempo, Kompas, Bisnis Indonesia; English: Reuters, Mongabay) or Indonesian business registry companieshouse.id."
PT Infrastruktur Terbarukan Cemerlang,(no info found),,https://climatetrade.s3.amazonaws.com/media/projects/documentation/validation/4f495327-5b8b-431a-a949-ef4a0301a49a_EgT7LR0.pdf,"Searched https://climatetrade.s3.amazonaws.com/media/projects/documentation/validation/4f495327-5b8b-431a-a949-ef4a0301a49a_EgT7LR0.pdf — no leadership listed. Try news searches (Indonesian: Tempo, Kompas, Bisnis Indonesia; English: Reuters, Mongabay) or Indonesian business registry companieshouse.id."
PT Infrastruktur Terbarukan Lestari,(no info found),,https://climatetrade.s3.amazonaws.com/media/projects/documentation/validation/4f495327-5b8b-431a-a949-ef4a0301a49a_EgT7LR0.pdf,"Searched https://climatetrade.s3.amazonaws.com/media/projects/documentation/validation/4f495327-5b8b-431a-a949-ef4a0301a49a_EgT7LR0.pdf — no leadership listed. Try news searches (Indonesian: Tempo, Kompas, Bisnis Indonesia; English: Reuters, Mongabay) or Indonesian business registry companieshouse.id."
PT Intan Sejati Andalan,(no info found),,https://www.facebook.com/pages/PT.%20Intan%20Sejati%20Andalan/611684005944759/#,"Only a Facebook page is available (https://www.facebook.com/pages/PT.%20Intan%20Sejati%20Andalan/611684005944759/#). Try checking that page's ""About"" section, the company's website, or LinkedIn."
PT Jati Dharma Indah Plywood Industries,(no info found),,https://sinarwijayagroup.com/our-companies/jati+dharma+indah+plywood+industries,"Searched https://sinarwijayagroup.com/our-companies/jati+dharma+indah+plywood+industries — no leadership listed. Try news searches (Indonesian: Tempo, Kompas, Bisnis Indonesia; English: Reuters, Mongabay) or Indonesian business registry companieshouse.id."
PT KALTIM HUTAMA,(no info found),,https://www.sinarwijayagroup.com/our-companies/kaltim+hutama,"Searched https://www.sinarwijayagroup.com/our-companies/kaltim+hutama — no leadership listed. Try news searches (Indonesian: Tempo, Kompas, Bisnis Indonesia; English: Reuters, Mongabay) or Indonesian business registry companieshouse.id."
PT Kandelia Alam,(no info found),,XXX,"No company website or canonical source in DATASET_companies.csv. Try Indonesian business registry (companieshouse.id), news searches, or LinkedIn."
PT Konsultan Karbon Lestari,(no info found),,https://www.linkedin.com/company/konsultan-karbon-lestari/?originalSubdomain=id,Only a LinkedIn URL is available (https://www.linkedin.com/company/konsultan-karbon-lestari/?originalSubdomain=id). LinkedIn requires authenticated access to view executives. Try the company's own website or news searches.
PT Mohairson Pawan Khatulistiwa,(no info found),,https://ptmpk.com/id-ds/public/,"Searched https://ptmpk.com/id-ds/public/ — no leadership listed. Try news searches (Indonesian: Tempo, Kompas, Bisnis Indonesia; English: Reuters, Mongabay) or Indonesian business registry companieshouse.id."
PT Musim Mas,(no info found),,https://cdm.unfccc.int/UserManagement/FileStorage/XF8CZ04RIDNJPK2GWH169O7BQVYETL,"No company website in dataset — URL points to a registry document. Try the project's PDD (Project Design Document) at https://cdm.unfccc.int/UserManagement/FileStorage/XF8CZ04RIDNJPK2GWH169O7BQVYETL for company contact details, or search for the company on companieshouse.id."
PT Navigat Organic Energy Indonesia,(no info found),,https://maxpowergroup.com/contact-us/,"Searched https://maxpowergroup.com/contact-us/ — no leadership listed. Try news searches (Indonesian: Tempo, Kompas, Bisnis Indonesia; English: Reuters, Mongabay) or Indonesian business registry companieshouse.id."
PT Nusantara Solusi Raya,(no info found),,https://www.alihdayansr.com/,"Searched https://www.alihdayansr.com/ — no leadership listed. Try news searches (Indonesian: Tempo, Kompas, Bisnis Indonesia; English: Reuters, Mongabay) or Indonesian business registry companieshouse.id."
PT Pagatan Usaha Makmur,(no info found),,https://plumproject.id/,"Searched https://plumproject.id/ — no leadership listed. Try news searches (Indonesian: Tempo, Kompas, Bisnis Indonesia; English: Reuters, Mongabay) or Indonesian business registry companieshouse.id."
PT Pasadena Biofuel Mandiri,(no info found),,https://www.linkedin.com/company/pt-pasadena-biofuels-mandiri/?originalSubdomain=id,Only a LinkedIn URL is available (https://www.linkedin.com/company/pt-pasadena-biofuels-mandiri/?originalSubdomain=id). LinkedIn requires authenticated access to view executives. Try the company's own website or news searches.
PT Ramang Agro Lestari,(no info found),,XXX,"No company website or canonical source in DATASET_companies.csv. Try Indonesian business registry (companieshouse.id), news searches, or LinkedIn."
PT Rimbun Seruyan,(no info found),,XXX,"No company website or canonical source in DATASET_companies.csv. Try Indonesian business registry (companieshouse.id), news searches, or LinkedIn."
PT Rize Farm Indonesia,(no info found),,https://www.rize.farm/contact,"Searched https://www.rize.farm/contact — no leadership listed. Try news searches (Indonesian: Tempo, Kompas, Bisnis Indonesia; English: Reuters, Mongabay) or Indonesian business registry companieshouse.id."
PT Rohul Sawit Industri,(no info found),,https://repository.uir.ac.id/3334/7/bab4.pdf,"Searched https://repository.uir.ac.id/3334/7/bab4.pdf — no leadership listed. Try news searches (Indonesian: Tempo, Kompas, Bisnis Indonesia; English: Reuters, Mongabay) or Indonesian business registry companieshouse.id."
PT Sarana Prima Multi Niaga,(no info found),,,"No company website or canonical source in DATASET_companies.csv. Try Indonesian business registry (companieshouse.id), news searches, or LinkedIn."
PT Strata Pacific (proponent),(no info found),,https://www.linkedin.com/company/pt-strata-pacific,Only a LinkedIn URL is available (https://www.linkedin.com/company/pt-strata-pacific). LinkedIn requires authenticated access to view executives. Try the company's own website or news searches.
PT Telaga Mas Kalimantan (PT TMK),(no info found),,XXX,"No company website or canonical source in DATASET_companies.csv. Try Indonesian business registry (companieshouse.id), news searches, or LinkedIn."
PT Terrathrive Bakti Indonesia,(no info found),,https://plumproject.id/,"Searched https://plumproject.id/ — no leadership listed. Try news searches (Indonesian: Tempo, Kompas, Bisnis Indonesia; English: Reuters, Mongabay) or Indonesian business registry companieshouse.id."
PT United Kingdom Indonesia Plantations,(no info found),,https://www.angloeastern.co.uk/,"Searched https://www.angloeastern.co.uk/ — no leadership listed. Try news searches (Indonesian: Tempo, Kompas, Bisnis Indonesia; English: Reuters, Mongabay) or Indonesian business registry companieshouse.id."
PT UPC Sidrap Bayu Energi,(no info found),,https://www.baritorenewables.co.id/en/press-release/barito-renewables-completes-acquisition-of-sidrap-wind-farm--valued-at-us-1022-million-with-funding-support-from-bni,"Searched https://www.baritorenewables.co.id/en/press-release/barito-renewables-completes-acquisition-of-sidrap-wind-farm--valued-at-us-1022-million-with-funding-support-from-bni — no leadership listed. Try news searches (Indonesian: Tempo, Kompas, Bisnis Indonesia; English: Reuters, Mongabay) or Indonesian business registry companieshouse.id."
PT VNV Hutan Indonesia (under incorporation),(no info found),,https://companieshouse.id/vnv-hutan-indonesia,"Indonesian business registry entry (https://companieshouse.id/vnv-hutan-indonesia) typically lists the founding directors at incorporation but not current leadership. Try news searches in Indonesian (Tempo, Kompas, Bisnis Indonesia) or LinkedIn."
PT Wanantara Alesha Sadhana (PT WAS),(no info found),,XXX,"No company website or canonical source in DATASET_companies.csv. Try Indonesian business registry (companieshouse.id), news searches, or LinkedIn."
PT Zeus Innavitas,(no info found),,XXX,"No company website or canonical source in DATASET_companies.csv. Try Indonesian business registry (companieshouse.id), news searches, or LinkedIn."
PT. Agra Inti Investama,(no info found),,https://www.agracorp.id/,"Searched https://www.agracorp.id/ — no leadership listed. Try news searches (Indonesian: Tempo, Kompas, Bisnis Indonesia; English: Reuters, Mongabay) or Indonesian business registry companieshouse.id."
PT. Anggrek Mekar Sari,(no info found),,,"No company website or canonical source in DATASET_companies.csv. Try Indonesian business registry (companieshouse.id), news searches, or LinkedIn."
PT. Annisa Surya Kencana,(no info found),,https://www.linkedin.com/company/pt-annisa-surya-kencana,Only a LinkedIn URL is available (https://www.linkedin.com/company/pt-annisa-surya-kencana). LinkedIn requires authenticated access to view executives. Try the company's own website or news searches.
PT. Berkat Cipta Abadi (PT. BCA),(no info found),,https://www.volza.com/company-profile/pt-berkat-cipta-abadi-514929/,"Searched https://www.volza.com/company-profile/pt-berkat-cipta-abadi-514929/ — no leadership listed. Try news searches (Indonesian: Tempo, Kompas, Bisnis Indonesia; English: Reuters, Mongabay) or Indonesian business registry companieshouse.id."
PT. Biru Karbon Nusantara,(no info found),,https://birukarbon.id,"Searched https://birukarbon.id — no leadership listed. Try news searches (Indonesian: Tempo, Kompas, Bisnis Indonesia; English: Reuters, Mongabay) or Indonesian business registry companieshouse.id."
PT. GEMILANG CIPTA NUSANTARA,(no info found),,XXX,"No company website or canonical source in DATASET_companies.csv. Try Indonesian business registry (companieshouse.id), news searches, or LinkedIn."
PT. GLOBAL ALAM NUSANTARA,(no info found),,XXX,"No company website or canonical source in DATASET_companies.csv. Try Indonesian business registry (companieshouse.id), news searches, or LinkedIn."
PT. Gree Services Indonesia,(no info found),,https://gree-energy.com/contact/,"Searched https://gree-energy.com/contact/ — no leadership listed. Try news searches (Indonesian: Tempo, Kompas, Bisnis Indonesia; English: Reuters, Mongabay) or Indonesian business registry companieshouse.id."
PT. Hydro Program International,(no info found),,https://cdm.unfccc.int/ProgrammeOfActivities/poa_db/6XP9WZ3HVMJTD0NAOLI8K42FG7QYCS/view,"No company website in dataset — URL points to a registry document. Try the project's PDD (Project Design Document) at https://cdm.unfccc.int/ProgrammeOfActivities/poa_db/6XP9WZ3HVMJTD0NAOLI8K42FG7QYCS/view for company contact details, or search for the company on companieshouse.id."
PT. Karbon Natura Indonesia,(no info found),,https://www.linkedin.com/company/karbon-natura-indonesia/?originalSubdomain=id,Only a LinkedIn URL is available (https://www.linkedin.com/company/karbon-natura-indonesia/?originalSubdomain=id). LinkedIn requires authenticated access to view executives. Try the company's own website or news searches.
PT. Medco LPG Kaji (MLK),(no info found),,https://www.medcoenergi.com/,"Searched https://www.medcoenergi.com/ — no leadership listed. Try news searches (Indonesian: Tempo, Kompas, Bisnis Indonesia; English: Reuters, Mongabay) or Indonesian business registry companieshouse.id."
PT. Menggala Rambu Utama,(no info found),,https://registry.verra.org/app/projectDetail/VCS/5371,"Searched https://registry.verra.org/app/projectDetail/VCS/5371 — no leadership listed. Try news searches (Indonesian: Tempo, Kompas, Bisnis Indonesia; English: Reuters, Mongabay) or Indonesian business registry companieshouse.id."
PT. Pelita Prima Nusantar,(no info found),,https://technik.id,"Searched https://technik.id — no leadership listed. Try news searches (Indonesian: Tempo, Kompas, Bisnis Indonesia; English: Reuters, Mongabay) or Indonesian business registry companieshouse.id."
PT. Pertamina Geothermal Energy,(no info found),,https://www.pge.pertamina.com/id,"Same entity as ""PT Pertamina Geothermal Energy"" (added by this dataset). See that row for the full board."
PT. PLN (Persero),(no info found),,State company,"Same entity as ""PT PLN (Persero)"" (added by this dataset). See ""PT PLN (Persero)"" rows for the full board."
PT. Rimba Makmur Utama,(no info found),,https://www.weforum.org/organizations/rimba-makmur-utama/,"Searched https://www.weforum.org/organizations/rimba-makmur-utama/ — no leadership listed. Try news searches (Indonesian: Tempo, Kompas, Bisnis Indonesia; English: Reuters, Mongabay) or Indonesian business registry companieshouse.id."
PT. SINAR MUTIARA NUSANTARA,(no info found),,XXX,"No company website or canonical source in DATASET_companies.csv. Try Indonesian business registry (companieshouse.id), news searches, or LinkedIn."
PT. Suntara Gajapati,(no info found),,https://sustainability-dashboard.com/-/pt.-suntara-gajapati,"Searched https://sustainability-dashboard.com/-/pt.-suntara-gajapati — no leadership listed. Try news searches (Indonesian: Tempo, Kompas, Bisnis Indonesia; English: Reuters, Mongabay) or Indonesian business registry companieshouse.id."
PT. Supreme Energy Muara Laboh,(no info found),,https://www.supreme-energy.com/en/assets/pt-supreme-energy-muara-laboh,"Searched https://www.supreme-energy.com/en/assets/pt-supreme-energy-muara-laboh — no leadership listed. Try news searches (Indonesian: Tempo, Kompas, Bisnis Indonesia; English: Reuters, Mongabay) or Indonesian business registry companieshouse.id."
PT. THE BEST ONE UNITIMBER,(no info found),,XXX,"No company website or canonical source in DATASET_companies.csv. Try Indonesian business registry (companieshouse.id), news searches, or LinkedIn."
PT. Tiara Asia Permai,(no info found),,https://companieshouse.id/tiara-asia-permai,"Indonesian business registry entry (https://companieshouse.id/tiara-asia-permai) typically lists the founding directors at incorporation but not current leadership. Try news searches in Indonesian (Tempo, Kompas, Bisnis Indonesia) or LinkedIn."
Riau ecosystem restoration,(no info found),,https://www.rekoforest.org/,"Searched https://www.rekoforest.org/ — no leadership listed. Try news searches (Indonesian: Tempo, Kompas, Bisnis Indonesia; English: Reuters, Mongabay) or Indonesian business registry companieshouse.id."
Ribang Gayo Musara (RGM),(no info found),,https://www.reddprojectsdatabase.org/partner/2177-ribang-gayo-musara-rgm/,"No company website in dataset — URL points to a registry document. Try the project's PDD (Project Design Document) at https://www.reddprojectsdatabase.org/partner/2177-ribang-gayo-musara-rgm/ for company contact details, or search for the company on companieshouse.id."
Rize PTE LTD Singapore,(no info found),,https://www.rize.farm/contact,"Searched https://www.rize.farm/contact — no leadership listed. Try news searches (Indonesian: Tempo, Kompas, Bisnis Indonesia; English: Reuters, Mongabay) or Indonesian business registry companieshouse.id."
SERABBUT,(no info found),,https://www.reddprojectsdatabase.org/partner/2177-ribang-gayo-musara-rgm/,"No company website in dataset — URL points to a registry document. Try the project's PDD (Project Design Document) at https://www.reddprojectsdatabase.org/partner/2177-ribang-gayo-musara-rgm/ for company contact details, or search for the company on companieshouse.id."
Sinetics Accreditation International Taiwan Ltd.,(no info found),,https://www.sinetics.com.tw/,"Searched https://www.sinetics.com.tw/ — no leadership listed. Try news searches (Indonesian: Tempo, Kompas, Bisnis Indonesia; English: Reuters, Mongabay) or Indonesian business registry companieshouse.id."
Sipef Group,(no info found),,https://www.sipef.com/sipef-indonesia/,"Searched https://www.sipef.com/sipef-indonesia/ — no leadership listed. Try news searches (Indonesian: Tempo, Kompas, Bisnis Indonesia; English: Reuters, Mongabay) or Indonesian business registry companieshouse.id."
South Pole,(no info found),,https://www.southpole.com/about-us/south-pole-offices,"Same entity as ""South Pole Carbon Asset Management Ltd "" in this dataset — see that row for verified leadership."
South Pole Carbon Asset Management Ltd,(no info found),,https://www.southpole.com/about-us/south-pole-offices,"Searched https://www.southpole.com/about-us/south-pole-offices — no leadership listed. Try news searches (Indonesian: Tempo, Kompas, Bisnis Indonesia; English: Reuters, Mongabay) or Indonesian business registry companieshouse.id."
Star Energy Geothermal (Wayang Windu) Limited,(no info found),,https://www.starenergygeothermal.co.id/,"Subsidiary of Star Energy Geothermal. See ""Star Energy Geothermal (parent of Salak/Wayang Windu subsidiaries)"" for verified Board of Directors. Wayang Windu-specific officers not separately published."
Star Energy Geothermal Salak Ltd,(no info found),,https://www.starenergygeothermal.co.id/salak/,"Subsidiary of Star Energy Geothermal. See ""Star Energy Geothermal (parent of Salak/Wayang Windu subsidiaries)"" for verified Board of Directors. Salak-specific officers not separately published."
Sungai Besar village,(no info found),,https://registry.verra.org/app/projectDetail/VCS/3231,"Local-level entity (village, cooperative, or community forest body). Leadership is typically village heads / cooperative chairs not published online; try local government records or REDD+ project documents."
Sungai Jawi village,(no info found),,https://registry.verra.org/app/projectDetail/VCS/3232,"Local-level entity (village, cooperative, or community forest body). Leadership is typically village heads / cooperative chairs not published online; try local government records or REDD+ project documents."
Syngenera Pte. Ltd,(no info found),,https://www.syngenera.com/,"Searched https://www.syngenera.com/ — no leadership listed. Try news searches (Indonesian: Tempo, Kompas, Bisnis Indonesia; English: Reuters, Mongabay) or Indonesian business registry companieshouse.id."
Tanjung Harapan village,(no info found),,https://registry.verra.org/app/projectDetail/VCS/3233,"Local-level entity (village, cooperative, or community forest body). Leadership is typically village heads / cooperative chairs not published online; try local government records or REDD+ project documents."
Tasik Malaya village,(no info found),,https://registry.verra.org/app/projectDetail/VCS/3234,"Local-level entity (village, cooperative, or community forest body). Leadership is typically village heads / cooperative chairs not published online; try local government records or REDD+ project documents."
Teluk Nibung village,(no info found),,https://registry.verra.org/app/projectDetail/VCS/3235,"Local-level entity (village, cooperative, or community forest body). Leadership is typically village heads / cooperative chairs not published online; try local government records or REDD+ project documents."
Thryve.Earth PTE LTD,(no info found),,https://www.thryve.earth/,"Searched https://www.thryve.earth/ — no leadership listed. Try news searches (Indonesian: Tempo, Kompas, Bisnis Indonesia; English: Reuters, Mongabay) or Indonesian business registry companieshouse.id."
UNIQUE forestry and land use GmbH,(no info found),,https://www.unique-landuse.de/en/,"Searched https://www.unique-landuse.de/en/ — no leadership listed. Try news searches (Indonesian: Tempo, Kompas, Bisnis Indonesia; English: Reuters, Mongabay) or Indonesian business registry companieshouse.id."
"W Investment Co., Ltd.",(no info found),,XXX,"No company website or canonical source in DATASET_companies.csv. Try Indonesian business registry (companieshouse.id), news searches, or LinkedIn."
Wildlife Works,(no info found),,https://www.wildlifeworks.com/,"Searched https://www.wildlifeworks.com/ — no leadership listed. Try news searches (Indonesian: Tempo, Kompas, Bisnis Indonesia; English: Reuters, Mongabay) or Indonesian business registry companieshouse.id."
World Education,(no info found),,https://worlded.org/,"Searched https://worlded.org/ — no leadership listed. Try news searches (Indonesian: Tempo, Kompas, Bisnis Indonesia; English: Reuters, Mongabay) or Indonesian business registry companieshouse.id."
Yagasu Aceh,(no info found),,https://yagasu.or.id/,Same parent organisation as Yayasan Gajah Sumatera (YAGASU). See YAGASU row(s).
Yayasan Gajah Sumatera (YAGASU),(no info found),,https://yagasu.or.id/contact-us/,"Searched https://yagasu.or.id/contact-us/ — no leadership listed. Try news searches (Indonesian: Tempo, Kompas, Bisnis Indonesia; English: Reuters, Mongabay) or Indonesian business registry companieshouse.id."
Yayasan Gajah Sumatera Aceh,(no info found),,https://www.reddprojectsdatabase.org/partner/2177-ribang-gayo-musara-rgm/,Aceh chapter of Yayasan Gajah Sumatera (YAGASU). Try yagasu.or.id directly for leadership.
Yayasan Hamparan Eco Semesta,(no info found),,https://www.linkedin.com/company/hes-foundation-yayasan-hamparan-eco-semesta/,Only a LinkedIn URL is available (https://www.linkedin.com/company/hes-foundation-yayasan-hamparan-eco-semesta/). LinkedIn requires authenticated access to view executives. Try the company's own website or news searches.
Yayasan Lengis Hijau,(no info found),,https://assurance-platform.goldstandard.org/project-documents/GS1374,"No company website in dataset — URL points to a registry document. Try the project's PDD (Project Design Document) at https://assurance-platform.goldstandard.org/project-documents/GS1374 for company contact details, or search for the company on companieshouse.id."
Yayasan Pemilahan Sampah Temesi,(no info found),,https://temesirecycling.com,"Searched https://temesirecycling.com — no leadership listed. Try news searches (Indonesian: Tempo, Kompas, Bisnis Indonesia; English: Reuters, Mongabay) or Indonesian business registry companieshouse.id."
Yayasan Rumah Energy (YRE),(no info found),,https://www.rumahenergi.org/en/about,"Same entity as ""Yayasan Rumah Energi (YRE)"" (correct Indonesian spelling). See that row for full board."
"YL Forest Co.,Ltd.",(no info found),,https://ylforest.co.jp/en-top/en-information/,"Searched https://ylforest.co.jp/en-top/en-information/ — no leadership listed. Try news searches (Indonesian: Tempo, Kompas, Bisnis Indonesia; English: Reuters, Mongabay) or Indonesian business registry companieshouse.id."
Zero Carbon Forestry Management Pte Ltd,(no info found),,https://www.linkedin.com/company/zcf-investments/,Only a LinkedIn URL is available (https://www.linkedin.com/company/zcf-investments/). LinkedIn requires authenticated access to view executives. Try the company's own website or news searches.
